aid,nombre,apellidop,apellidom,status
1,Chandler,George,Ortega,activo
2,Quemby,Mckinney,Koch,activo
3,Jaquelyn,Mathews,Mcguire,inactivo
4,Marshall,Pope,Gay,inactivo
5,Kiara,Quinn,Neal,activo
6,Mechelle,Gonzalez,Hodge,activo
7,Leah,Bradley,Patton,inactivo
8,Kimberley,Hogan,Warner,inactivo
9,Maggy,Lindsey,Golden,activo
10,Alexandra,Mckenzie,Mcdonald,activo
11,Ira,Boyer,Swanson,inactivo
12,Moana,Charles,Good,inactivo
13,Dawn,Gardner,Shannon,activo
14,Shafira,Nguyen,Fuentes,activo
15,Germane,Cooley,Hays,inactivo
16,Carol,Sanders,Delgado,inactivo
17,Michael,Walton,Johnson,activo
18,Damon,Dunlap,Good,activo
19,Maite,Reyes,Walters,inactivo
20,Damon,Harrington,Huber,inactivo
21,Lacota,Andrews,Montgomery,activo
22,Lev,Albert,Payne,activo
23,Lenore,Cain,Robinson,inactivo
24,Edan,Berger,Gross,inactivo
25,Dawn,Mathews,Farley,activo
26,Buckminster,Wilcox,Tucker,activo
27,Quon,Higgins,Cochran,inactivo
28,Nell,Decker,Tillman,inactivo
29,Jada,Boyle,Clarke,activo
30,Jasmine,Bruce,Holder,activo
31,Mechelle,Lang,Ratliff,inactivo
32,Amena,Shannon,Mack,inactivo
33,Amos,Parsons,Carson,activo
34,Deacon,Cannon,Smith,activo
35,Cally,Whitney,Mccall,inactivo
36,Boris,Bartlett,Rhodes,inactivo
37,Erasmus,Burgess,Michael,activo
38,Ronan,Caldwell,Gillespie,activo
39,Vance,Franks,Hayes,inactivo
40,Judah,Lowe,Carr,inactivo
41,Medge,Middleton,Lawrence,activo
42,Dante,Campos,Torres,activo
43,Shad,Hutchinson,Dunlap,inactivo
44,Chancellor,Lamb,Pollard,inactivo
45,Chelsea,Winters,Sears,activo
46,Malachi,Wall,Vazquez,activo
47,Courtney,Leach,Mcclain,inactivo
48,Jakeem,Carey,Wilson,inactivo
49,Noel,Edwards,Cross,activo
50,Isaiah,Robles,Gonzalez,activo
