idprov,nombreprov,email,telefono
1,Ullamcorper LLP,eu.metus.in@hotmail.com,(525) 264-4864
2,Vitae Corp.,interdum.enim.non@protonmail.ca,1-768-521-8536
3,Vulputate Dui Nec Institute,scelerisque.mollis.phasellus@icloud.org,1-507-814-1747
4,Purus Institute,vivamus@icloud.net,(509) 561-3191
5,Elit Fermentum Industries,nisi.aenean@yahoo.org,(468) 112-7638
6,Lobortis Company,molestie.sodales.mauris@google.edu,(757) 358-5762
7,Nisl Maecenas Institute,lectus.sit.amet@google.net,(484) 474-4336
8,Ut Ltd,vulputate.velit@outlook.org,1-212-432-1975
9,Pellentesque Sed Dictum Consulting,consectetuer.mauris@google.couk,(676) 786-5811
10,Aliquam Enim Foundation,iaculis@aol.edu,1-744-514-1460
11,Placerat Augue Sed Corp.,ornare@outlook.org,(452) 684-8950
12,Et PC,et.tristique@yahoo.ca,1-320-885-4775
13,Aliquam Fringilla Cursus LLP,parturient.montes@outlook.org,1-123-654-3233
14,Orci Donec Nibh Industries,curabitur.ut@icloud.net,1-515-135-7574
15,Vitae Aliquet Nec Corp.,sed@aol.net,1-834-667-7257
16,Varius Nam Porttitor Incorporated,sed.eget@icloud.edu,(642) 469-4227
17,Adipiscing Inc.,egestas.ligula@aol.edu,1-366-630-9994
18,Luctus Incorporated,nisi.dictum@aol.ca,(347) 460-5347
19,Dis Parturient Montes Corporation,euismod.est@protonmail.couk,1-788-262-1378
20,Arcu Vestibulum Ante Industries,sagittis.placerat@icloud.com,1-911-216-5691
21,Leo Vivamus Nibh Institute,tempus.scelerisque.lorem@yahoo.org,1-843-351-4536
22,Cum Sociis Institute,amet.lorem@outlook.com,1-321-253-3588
23,Faucibus Orci Institute,mauris.suspendisse.aliquet@hotmail.com,1-646-319-8101
24,Senectus Et Inc.,odio.a@aol.com,1-563-956-1785
25,Integer Industries,metus.urna@hotmail.couk,(192) 944-2813
26,Aenean Corp.,a.scelerisque.sed@google.edu,1-331-670-7433
27,Fusce Diam Limited,eu.enim@google.couk,(534) 444-2014
28,Lacus Aliquam Rutrum Institute,lorem.ipsum@icloud.com,(342) 563-1316
29,Ante Dictum Mi Industries,dolor.sit@icloud.couk,(239) 607-0230
30,Lobortis Quis Incorporated,libero.et.tristique@google.org,1-704-835-3187
31,Est Ac Company,volutpat.nunc.sit@hotmail.edu,1-628-224-0738
32,Nulla Integer Urna Industries,magna.cras.convallis@protonmail.org,(574) 249-2067
33,Pellentesque Associates,aptent.taciti@google.couk,1-633-267-5768
34,Ligula Inc.,mi.enim@aol.com,(381) 710-7542
35,A Magna Corporation,blandit.viverra@yahoo.net,(961) 341-5113
36,Metus Institute,donec.nibh@google.couk,1-676-887-1556
37,Purus Maecenas Ltd,sed@yahoo.couk,1-774-259-9563
38,Nisi Magna Company,eu.lacus.quisque@google.couk,(869) 535-8183
39,Neque Sed LLP,donec.dignissim.magna@google.ca,(116) 136-8376
40,Lacinia At Iaculis PC,orci@hotmail.couk,(838) 261-7086
41,Amet Risus Corporation,quam.curabitur@aol.com,1-274-385-2833
42,Ac Institute,odio.aliquam@icloud.couk,1-973-212-8785
43,Sociis Natoque Company,phasellus@outlook.couk,(895) 113-0148
44,Ultrices Posuere PC,in.consequat.enim@yahoo.couk,(646) 127-4752
45,Tellus PC,sed.facilisis@outlook.org,1-261-770-1267
46,Luctus Curabitur Foundation,augue.porttitor.interdum@protonmail.com,1-661-391-3736
47,Leo Cras Vehicula Institute,erat.neque@yahoo.couk,(464) 273-9974
48,Purus Accumsan Interdum Industries,orci@icloud.ca,1-678-397-2175
49,Quis Inc.,cursus@outlook.couk,1-725-278-2689
50,Elit Pharetra Ut LLP,tincidunt@icloud.com,1-347-366-5386
