uid,nombre,apellidop,apellidom,edad,email,telefono,status
1,Pascale,Garrison,Herrera,25,iaculis@outlook.org,1-878-105-4128,activo
2,Carson,Ochoa,Ramirez,22,nunc.est@google.com,1-211-450-3004,activo
3,Lara,Lawson,Bullock,33,mus.aenean.eget@google.org,(876) 938-1589,inactivo
4,Illana,Durham,Wallace,20,ultricies@google.com,(992) 211-9759,inactivo
5,Lana,Bonner,Sexton,21,lobortis@icloud.org,1-386-378-9367,activo
6,Reagan,Britt,Matthews,30,cras.vulputate.velit@outlook.com,1-216-433-5596,activo
7,Honorato,Hickman,Robbins,37,in.consequat@google.org,(195) 258-5163,inactivo
8,Raja,Nolan,Noel,27,velit.egestas@hotmail.org,1-477-723-5677,inactivo
9,Luke,Crosby,Osborne,36,fringilla.est.mauris@hotmail.org,(743) 429-8853,activo
10,Patrick,Keller,Rodriquez,38,nulla.vulputate.dui@google.org,(638) 314-6344,activo
11,Len,William,Jimenez,26,donec.non@icloud.com,1-795-658-5821,inactivo
12,MacKenzie,Spencer,Conrad,20,cras.dolor.dolor@outlook.org,(821) 651-6769,inactivo
13,Leah,Hughes,Buchanan,25,semper.cursus@outlook.org,1-467-484-9753,activo
14,Samson,Parker,Hood,39,posuere.cubilia@google.com,(683) 125-9335,activo
15,Mannix,Wise,Faulkner,25,ac.feugiat@hotmail.org,(617) 158-5243,inactivo
16,Quon,Norton,Rocha,32,ligula.aenean.gravida@icloud.com,1-808-579-5251,inactivo
17,Kirestin,Robinson,Snow,19,ac@google.org,1-296-584-4787,activo
18,Ivan,Stanton,Beasley,23,mi.aliquam@google.com,(872) 175-3305,activo
19,Desiree,Donaldson,Brewer,37,tristique.senectus@outlook.com,1-682-862-5513,inactivo
20,Kirsten,Allen,Alston,21,nec.urna.et@icloud.org,(283) 524-6231,inactivo
21,Jeremy,Stephens,Savage,33,fusce@outlook.com,1-667-757-3688,activo
22,Upton,House,Parsons,32,ut.nulla.cras@hotmail.org,(118) 386-6376,activo
23,Eagan,Dunn,Charles,39,mi@hotmail.org,(378) 516-3860,inactivo
24,Slade,Snider,Finch,24,pellentesque.a.facilisis@hotmail.org,(551) 615-3795,inactivo
25,Vielka,Frost,Sanders,35,egestas.aliquam@icloud.com,(542) 343-5741,activo
26,Octavia,Hester,Parrish,36,elementum.sem@icloud.org,(442) 237-3872,activo
27,Hiram,Carr,Bradford,19,eget.mollis.lectus@outlook.com,(885) 451-3554,inactivo
28,Ebony,Franklin,Stuart,19,iaculis.lacus.pede@outlook.com,(455) 265-8133,inactivo
29,Jamalia,Barry,Lindsay,38,ante.dictum@icloud.com,1-812-303-9853,activo
30,Hadley,Thomas,Munoz,25,metus.facilisis@google.com,1-314-831-9811,activo
31,Grace,Sparks,Harris,30,vivamus.sit.amet@google.org,(602) 625-8028,inactivo
32,Ursa,Dejesus,Potts,25,sed@icloud.org,1-227-589-3498,inactivo
33,Aiko,Hahn,Lara,22,auctor.nunc@google.org,1-738-740-7108,activo
34,Castor,Koch,Hatfield,32,sociis.natoque@outlook.com,(178) 346-1257,activo
35,Burke,Mckinney,Shelton,30,morbi.vehicula@hotmail.com,(402) 596-9321,inactivo
36,Geoffrey,Carr,Knapp,23,vulputate@outlook.com,(452) 746-6494,inactivo
37,Basia,Cochran,Clarke,21,pellentesque.habitant.morbi@outlook.com,(294) 470-1284,activo
38,Margaret,Powers,Hurst,26,vivamus.non.lorem@google.com,(548) 415-1677,activo
39,Hashim,Rosales,Hunt,30,leo.cras.vehicula@google.org,(276) 164-8951,inactivo
40,Simon,Howard,Tucker,33,vel.pede.blandit@hotmail.org,1-578-778-2568,inactivo
41,Cruz,Joyce,Barton,37,sodales.at@hotmail.com,(639) 585-1464,activo
42,Branden,Padilla,Estrada,28,eget@google.com,1-382-808-3371,activo
43,Shad,Osborne,Hooper,22,adipiscing.non@outlook.org,1-268-811-5742,inactivo
44,Elliott,Holland,Ramsey,26,a.nunc.in@outlook.com,(725) 570-2763,inactivo
45,Tara,Bolton,Meyers,26,suspendisse.aliquet@icloud.org,1-458-186-3822,activo
46,Gemma,Morrow,Bell,33,diam.eu.dolor@hotmail.com,1-633-486-9826,activo
47,Lucy,Malone,Travis,23,mus.aenean@outlook.com,1-211-343-7954,inactivo
48,Quin,Pugh,Richards,35,interdum@outlook.com,(875) 565-4549,inactivo
49,Noah,Coffey,Joyner,35,sed.consequat@outlook.org,1-112-289-4157,activo
50,Berk,Todd,Blevins,20,facilisi.sed@icloud.com,(543) 843-7022,activo
